country,iso2,city_region,us_states,iana_timezone,windows_timezone,utc_offset,search_keywords
Afghanistan,AF,Kabul,,Asia/Kabul,Afghanistan Standard Time,UTC+04:30,"Afghanistan, AF, Kabul"
Albania,AL,Tirane,,Europe/Tirane,Central Europe Standard Time,UTC+02:00,"Albania, AL, Tirane"
Algeria,DZ,Algiers,,Africa/Algiers,W. Central Africa Standard Time,UTC+01:00,"Algeria, DZ, Algiers"
American Samoa,AS,Pago Pago,,Pacific/Pago_Pago,UTC-11,UTC-11:00,"American Samoa, AS, Pago Pago"
Andorra,AD,Andorra,,Europe/Andorra,W. Europe Standard Time,UTC+02:00,"Andorra, AD, Andorra"
Angola,AO,Luanda,,Africa/Luanda,W. Central Africa Standard Time,UTC+01:00,"Angola, AO, Luanda"
Anguilla,AI,Anguilla,,America/Anguilla,SA Western Standard Time,UTC-04:00,"Anguilla, AI, Anguilla"
Antarctica,AQ,Troll,,Antarctica/Troll,UTC,UTC+02:00,"Antarctica, AQ, Troll"
Antarctica,AQ,Syowa,,Antarctica/Syowa,E. Africa Standard Time,UTC+03:00,"Antarctica, AQ, Syowa"
Antarctica,AQ,Mawson,,Antarctica/Mawson,West Asia Standard Time,UTC+05:00,"Antarctica, AQ, Mawson"
Antarctica,AQ,Vostok,,Antarctica/Vostok,Central Asia Standard Time,UTC+05:00,"Antarctica, AQ, Vostok"
Antarctica,AQ,Davis,,Antarctica/Davis,SE Asia Standard Time,UTC+07:00,"Antarctica, AQ, Davis"
Antarctica,AQ,Casey,,Antarctica/Casey,Central Pacific Standard Time,UTC+08:00,"Antarctica, AQ, Casey"
Antarctica,AQ,DumontDUrville,,Antarctica/DumontDUrville,West Pacific Standard Time,UTC+10:00,"Antarctica, AQ, DumontDUrville"
Antarctica,AQ,McMurdo,,Antarctica/McMurdo,New Zealand Standard Time,UTC+12:00,"Antarctica, AQ, McMurdo"
Antarctica,AQ,Palmer,,Antarctica/Palmer,SA Eastern Standard Time,UTC-03:00,"Antarctica, AQ, Palmer"
Antarctica,AQ,Rothera,,Antarctica/Rothera,SA Eastern Standard Time,UTC-03:00,"Antarctica, AQ, Rothera"
Antigua and Barbuda,AG,Antigua,,America/Antigua,SA Western Standard Time,UTC-04:00,"Antigua and Barbuda, AG, Antigua"
Argentina,AR,Buenos Aires,,America/Argentina/Buenos_Aires,Argentina Standard Time,UTC-03:00,"Argentina, AR, Buenos Aires"
Argentina,AR,Cordoba,,America/Argentina/Cordoba,Argentina Standard Time,UTC-03:00,"Argentina, AR, Cordoba"
Argentina,AR,Salta,,America/Argentina/Salta,Argentina Standard Time,UTC-03:00,"Argentina, AR, Salta"
Argentina,AR,Jujuy,,America/Argentina/Jujuy,Argentina Standard Time,UTC-03:00,"Argentina, AR, Jujuy"
Argentina,AR,Tucuman,,America/Argentina/Tucuman,Argentina Standard Time,UTC-03:00,"Argentina, AR, Tucuman"
Argentina,AR,Catamarca,,America/Argentina/Catamarca,Argentina Standard Time,UTC-03:00,"Argentina, AR, Catamarca"
Argentina,AR,La Rioja,,America/Argentina/La_Rioja,Argentina Standard Time,UTC-03:00,"Argentina, AR, La Rioja"
Argentina,AR,San Juan,,America/Argentina/San_Juan,Argentina Standard Time,UTC-03:00,"Argentina, AR, San Juan"
Argentina,AR,Mendoza,,America/Argentina/Mendoza,Argentina Standard Time,UTC-03:00,"Argentina, AR, Mendoza"
Argentina,AR,San Luis,,America/Argentina/San_Luis,Argentina Standard Time,UTC-03:00,"Argentina, AR, San Luis"
Argentina,AR,Rio Gallegos,,America/Argentina/Rio_Gallegos,Argentina Standard Time,UTC-03:00,"Argentina, AR, Rio Gallegos"
Argentina,AR,Ushuaia,,America/Argentina/Ushuaia,Argentina Standard Time,UTC-03:00,"Argentina, AR, Ushuaia"
Armenia,AM,Yerevan,,Asia/Yerevan,Caucasus Standard Time,UTC+04:00,"Armenia, AM, Yerevan"
Aruba,AW,Aruba,,America/Aruba,SA Western Standard Time,UTC-04:00,"Aruba, AW, Aruba"
Australia,AU,Perth,,Australia/Perth,W. Australia Standard Time,UTC+08:00,"Australia, AU, Perth"
Australia,AU,Eucla,,Australia/Eucla,Aus Central W. Standard Time,UTC+08:45,"Australia, AU, Eucla"
Australia,AU,Broken Hill,,Australia/Broken_Hill,Cen. Australia Standard Time,UTC+09:30,"Australia, AU, Broken Hill"
Australia,AU,Adelaide,,Australia/Adelaide,Cen. Australia Standard Time,UTC+09:30,"Australia, AU, Adelaide"
Australia,AU,Darwin,,Australia/Darwin,AUS Central Standard Time,UTC+09:30,"Australia, AU, Darwin"
Australia,AU,Macquarie,,Antarctica/Macquarie,Tasmania Standard Time,UTC+10:00,"Australia, AU, Macquarie"
Australia,AU,Hobart,,Australia/Hobart,Tasmania Standard Time,UTC+10:00,"Australia, AU, Hobart"
Australia,AU,Melbourne,,Australia/Melbourne,AUS Eastern Standard Time,UTC+10:00,"Australia, AU, Melbourne"
Australia,AU,Sydney,,Australia/Sydney,AUS Eastern Standard Time,UTC+10:00,"Australia, AU, Sydney"
Australia,AU,Brisbane,,Australia/Brisbane,E. Australia Standard Time,UTC+10:00,"Australia, AU, Brisbane"
Australia,AU,Lindeman,,Australia/Lindeman,E. Australia Standard Time,UTC+10:00,"Australia, AU, Lindeman"
Australia,AU,Lord Howe,,Australia/Lord_Howe,Lord Howe Standard Time,UTC+10:30,"Australia, AU, Lord Howe"
Austria,AT,Vienna,,Europe/Vienna,W. Europe Standard Time,UTC+02:00,"Austria, AT, Vienna"
Azerbaijan,AZ,Baku,,Asia/Baku,Azerbaijan Standard Time,UTC+04:00,"Azerbaijan, AZ, Baku"
Bahamas,BS,Nassau,,America/Nassau,Eastern Standard Time,UTC-04:00,"Bahamas, BS, Nassau"
Bahrain,BH,Bahrain,,Asia/Bahrain,Arab Standard Time,UTC+03:00,"Bahrain, BH, Bahrain"
Bangladesh,BD,Dhaka,,Asia/Dhaka,Bangladesh Standard Time,UTC+06:00,"Bangladesh, BD, Dhaka"
Barbados,BB,Barbados,,America/Barbados,SA Western Standard Time,UTC-04:00,"Barbados, BB, Barbados"
Belarus,BY,Minsk,,Europe/Minsk,Belarus Standard Time,UTC+03:00,"Belarus, BY, Minsk"
Belgium,BE,Brussels,,Europe/Brussels,Romance Standard Time,UTC+02:00,"Belgium, BE, Brussels"
Belize,BZ,Belize,,America/Belize,Central America Standard Time,UTC-06:00,"Belize, BZ, Belize"
Benin,BJ,Porto-Novo,,Africa/Porto-Novo,W. Central Africa Standard Time,UTC+01:00,"Benin, BJ, Porto-Novo"
Bermuda,BM,Bermuda,,Atlantic/Bermuda,Atlantic Standard Time,UTC-03:00,"Bermuda, BM, Bermuda"
Bhutan,BT,Thimphu,,Asia/Thimphu,Bangladesh Standard Time,UTC+06:00,"Bhutan, BT, Thimphu"
"Bolivia, Plurinational State of",BO,La Paz,,America/La_Paz,SA Western Standard Time,UTC-04:00,"Bolivia, Plurinational State of, BO, La Paz"
"Bonaire, Sint Eustatius and Saba",BQ,Kralendijk,,America/Kralendijk,SA Western Standard Time,UTC-04:00,"Bonaire, Sint Eustatius and Saba, BQ, Kralendijk"
Bosnia and Herzegovina,BA,Sarajevo,,Europe/Sarajevo,Central European Standard Time,UTC+02:00,"Bosnia and Herzegovina, BA, Sarajevo"
Botswana,BW,Gaborone,,Africa/Gaborone,South Africa Standard Time,UTC+02:00,"Botswana, BW, Gaborone"
Brazil,BR,Noronha,,America/Noronha,UTC-02,UTC-02:00,"Brazil, BR, Noronha"
Brazil,BR,Belem,,America/Belem,SA Eastern Standard Time,UTC-03:00,"Brazil, BR, Belem"
Brazil,BR,Fortaleza,,America/Fortaleza,SA Eastern Standard Time,UTC-03:00,"Brazil, BR, Fortaleza"
Brazil,BR,Recife,,America/Recife,SA Eastern Standard Time,UTC-03:00,"Brazil, BR, Recife"
Brazil,BR,Araguaina,,America/Araguaina,Tocantins Standard Time,UTC-03:00,"Brazil, BR, Araguaina"
Brazil,BR,Maceio,,America/Maceio,SA Eastern Standard Time,UTC-03:00,"Brazil, BR, Maceio"
Brazil,BR,Bahia,,America/Bahia,Bahia Standard Time,UTC-03:00,"Brazil, BR, Bahia"
Brazil,BR,Sao Paulo,,America/Sao_Paulo,E. South America Standard Time,UTC-03:00,"Brazil, BR, Sao Paulo"
Brazil,BR,Santarem,,America/Santarem,SA Eastern Standard Time,UTC-03:00,"Brazil, BR, Santarem"
Brazil,BR,Campo Grande,,America/Campo_Grande,Central Brazilian Standard Time,UTC-04:00,"Brazil, BR, Campo Grande"
Brazil,BR,Cuiaba,,America/Cuiaba,Central Brazilian Standard Time,UTC-04:00,"Brazil, BR, Cuiaba"
Brazil,BR,Porto Velho,,America/Porto_Velho,SA Western Standard Time,UTC-04:00,"Brazil, BR, Porto Velho"
Brazil,BR,Boa Vista,,America/Boa_Vista,SA Western Standard Time,UTC-04:00,"Brazil, BR, Boa Vista"
Brazil,BR,Manaus,,America/Manaus,SA Western Standard Time,UTC-04:00,"Brazil, BR, Manaus"
Brazil,BR,Eirunepe,,America/Eirunepe,SA Pacific Standard Time,UTC-05:00,"Brazil, BR, Eirunepe"
Brazil,BR,Rio Branco,,America/Rio_Branco,SA Pacific Standard Time,UTC-05:00,"Brazil, BR, Rio Branco"
British Indian Ocean Territory,IO,Chagos,,Indian/Chagos,Central Asia Standard Time,UTC+06:00,"British Indian Ocean Territory, IO, Chagos"
Brunei Darussalam,BN,Brunei,,Asia/Brunei,Singapore Standard Time,UTC+08:00,"Brunei Darussalam, BN, Brunei"
Bulgaria,BG,Sofia,,Europe/Sofia,FLE Standard Time,UTC+03:00,"Bulgaria, BG, Sofia"
Burkina Faso,BF,Ouagadougou,,Africa/Ouagadougou,Greenwich Standard Time,UTC+00:00,"Burkina Faso, BF, Ouagadougou"
Burundi,BI,Bujumbura,,Africa/Bujumbura,South Africa Standard Time,UTC+02:00,"Burundi, BI, Bujumbura"
Cabo Verde,CV,Cape Verde,,Atlantic/Cape_Verde,Cape Verde Standard Time,UTC-01:00,"Cabo Verde, CV, Cape Verde"
Cambodia,KH,Phnom Penh,,Asia/Phnom_Penh,SE Asia Standard Time,UTC+07:00,"Cambodia, KH, Phnom Penh"
Cameroon,CM,Douala,,Africa/Douala,W. Central Africa Standard Time,UTC+01:00,"Cameroon, CM, Douala"
Canada,CA,St Johns,,America/St_Johns,Newfoundland Standard Time,UTC-02:30,"Canada, CA, St Johns"
Canada,CA,Halifax,,America/Halifax,Atlantic Standard Time,UTC-03:00,"Canada, CA, Halifax"
Canada,CA,Glace Bay,,America/Glace_Bay,Atlantic Standard Time,UTC-03:00,"Canada, CA, Glace Bay"
Canada,CA,Moncton,,America/Moncton,Atlantic Standard Time,UTC-03:00,"Canada, CA, Moncton"
Canada,CA,Goose Bay,,America/Goose_Bay,Atlantic Standard Time,UTC-03:00,"Canada, CA, Goose Bay"
Canada,CA,Blanc-Sablon,,America/Blanc-Sablon,SA Western Standard Time,UTC-04:00,"Canada, CA, Blanc-Sablon"
Canada,CA,Toronto,,America/Toronto,Eastern Standard Time,UTC-04:00,"Canada, CA, Toronto"
Canada,CA,Iqaluit,,America/Iqaluit,Eastern Standard Time,UTC-04:00,"Canada, CA, Iqaluit"
Canada,CA,Atikokan,,America/Atikokan,SA Pacific Standard Time,UTC-05:00,"Canada, CA, Atikokan"
Canada,CA,Winnipeg,,America/Winnipeg,Central Standard Time,UTC-05:00,"Canada, CA, Winnipeg"
Canada,CA,Resolute,,America/Resolute,Central Standard Time,UTC-05:00,"Canada, CA, Resolute"
Canada,CA,Rankin Inlet,,America/Rankin_Inlet,Central Standard Time,UTC-05:00,"Canada, CA, Rankin Inlet"
Canada,CA,Regina,,America/Regina,Canada Central Standard Time,UTC-06:00,"Canada, CA, Regina"
Canada,CA,Swift Current,,America/Swift_Current,Canada Central Standard Time,UTC-06:00,"Canada, CA, Swift Current"
Canada,CA,Edmonton,,America/Edmonton,Mountain Standard Time,UTC-06:00,"Canada, CA, Edmonton"
Canada,CA,Cambridge Bay,,America/Cambridge_Bay,Mountain Standard Time,UTC-06:00,"Canada, CA, Cambridge Bay"
Canada,CA,Inuvik,,America/Inuvik,Mountain Standard Time,UTC-06:00,"Canada, CA, Inuvik"
Canada,CA,Vancouver,,America/Vancouver,Pacific Standard Time,UTC-07:00,"Canada, CA, Vancouver"
Canada,CA,Creston,,America/Creston,US Mountain Standard Time,UTC-07:00,"Canada, CA, Creston"
Canada,CA,Dawson Creek,,America/Dawson_Creek,US Mountain Standard Time,UTC-07:00,"Canada, CA, Dawson Creek"
Canada,CA,Fort Nelson,,America/Fort_Nelson,US Mountain Standard Time,UTC-07:00,"Canada, CA, Fort Nelson"
Canada,CA,Whitehorse,,America/Whitehorse,Yukon Standard Time,UTC-07:00,"Canada, CA, Whitehorse"
Canada,CA,Dawson,,America/Dawson,Yukon Standard Time,UTC-07:00,"Canada, CA, Dawson"
Cayman Islands,KY,Cayman,,America/Cayman,SA Pacific Standard Time,UTC-05:00,"Cayman Islands, KY, Cayman"
Central African Republic,CF,Bangui,,Africa/Bangui,W. Central Africa Standard Time,UTC+01:00,"Central African Republic, CF, Bangui"
Chad,TD,Ndjamena,,Africa/Ndjamena,W. Central Africa Standard Time,UTC+01:00,"Chad, TD, Ndjamena"
Chile,CL,Coyhaique,,America/Coyhaique,Magallanes Standard Time,UTC-03:00,"Chile, CL, Coyhaique"
Chile,CL,Punta Arenas,,America/Punta_Arenas,Magallanes Standard Time,UTC-03:00,"Chile, CL, Punta Arenas"
Chile,CL,Santiago,,America/Santiago,Pacific SA Standard Time,UTC-04:00,"Chile, CL, Santiago"
Chile,CL,Easter,,Pacific/Easter,Easter Island Standard Time,UTC-06:00,"Chile, CL, Easter"
China,CN,Urumqi,,Asia/Urumqi,Central Asia Standard Time,UTC+06:00,"China, CN, Urumqi"
China,CN,Shanghai,,Asia/Shanghai,China Standard Time,UTC+08:00,"China, CN, Shanghai"
Christmas Island,CX,Christmas,,Indian/Christmas,SE Asia Standard Time,UTC+07:00,"Christmas Island, CX, Christmas"
Cocos (Keeling) Islands,CC,Cocos,,Indian/Cocos,Myanmar Standard Time,UTC+06:30,"Cocos (Keeling) Islands, CC, Cocos"
Colombia,CO,Bogota,,America/Bogota,SA Pacific Standard Time,UTC-05:00,"Colombia, CO, Bogota"
Comoros,KM,Comoro,,Indian/Comoro,E. Africa Standard Time,UTC+03:00,"Comoros, KM, Comoro"
Congo,CG,Brazzaville,,Africa/Brazzaville,W. Central Africa Standard Time,UTC+01:00,"Congo, CG, Brazzaville"
"Congo, The Democratic Republic of the",CD,Kinshasa,,Africa/Kinshasa,W. Central Africa Standard Time,UTC+01:00,"Congo, The Democratic Republic of the, CD, Kinshasa"
"Congo, The Democratic Republic of the",CD,Lubumbashi,,Africa/Lubumbashi,South Africa Standard Time,UTC+02:00,"Congo, The Democratic Republic of the, CD, Lubumbashi"
Cook Islands,CK,Rarotonga,,Pacific/Rarotonga,Hawaiian Standard Time,UTC-10:00,"Cook Islands, CK, Rarotonga"
Costa Rica,CR,Costa Rica,,America/Costa_Rica,Central America Standard Time,UTC-06:00,"Costa Rica, CR, Costa Rica"
Croatia,HR,Zagreb,,Europe/Zagreb,Central European Standard Time,UTC+02:00,"Croatia, HR, Zagreb"
Cuba,CU,Havana,,America/Havana,Cuba Standard Time,UTC-04:00,"Cuba, CU, Havana"
Curaçao,CW,Curacao,,America/Curacao,SA Western Standard Time,UTC-04:00,"Curaçao, CW, Curacao"
Cyprus,CY,Nicosia,,Asia/Nicosia,GTB Standard Time,UTC+03:00,"Cyprus, CY, Nicosia"
Cyprus,CY,Famagusta,,Asia/Famagusta,GTB Standard Time,UTC+03:00,"Cyprus, CY, Famagusta"
Czechia,CZ,Prague,,Europe/Prague,Central Europe Standard Time,UTC+02:00,"Czechia, CZ, Prague"
Côte d'Ivoire,CI,Abidjan,,Africa/Abidjan,Greenwich Standard Time,UTC+00:00,"Côte d'Ivoire, CI, Abidjan"
Denmark,DK,Copenhagen,,Europe/Copenhagen,Romance Standard Time,UTC+02:00,"Denmark, DK, Copenhagen"
Djibouti,DJ,Djibouti,,Africa/Djibouti,E. Africa Standard Time,UTC+03:00,"Djibouti, DJ, Djibouti"
Dominica,DM,Dominica,,America/Dominica,SA Western Standard Time,UTC-04:00,"Dominica, DM, Dominica"
Dominican Republic,DO,Santo Domingo,,America/Santo_Domingo,SA Western Standard Time,UTC-04:00,"Dominican Republic, DO, Santo Domingo"
Ecuador,EC,Guayaquil,,America/Guayaquil,SA Pacific Standard Time,UTC-05:00,"Ecuador, EC, Guayaquil"
Ecuador,EC,Galapagos,,Pacific/Galapagos,Central America Standard Time,UTC-06:00,"Ecuador, EC, Galapagos"
Egypt,EG,Cairo,,Africa/Cairo,Egypt Standard Time,UTC+03:00,"Egypt, EG, Cairo"
El Salvador,SV,El Salvador,,America/El_Salvador,Central America Standard Time,UTC-06:00,"El Salvador, SV, El Salvador"
Equatorial Guinea,GQ,Malabo,,Africa/Malabo,W. Central Africa Standard Time,UTC+01:00,"Equatorial Guinea, GQ, Malabo"
Eritrea,ER,Asmara,,Africa/Asmara,E. Africa Standard Time,UTC+03:00,"Eritrea, ER, Asmara"
Estonia,EE,Tallinn,,Europe/Tallinn,FLE Standard Time,UTC+03:00,"Estonia, EE, Tallinn"
Eswatini,SZ,Mbabane,,Africa/Mbabane,South Africa Standard Time,UTC+02:00,"Eswatini, SZ, Mbabane"
Ethiopia,ET,Addis Ababa,,Africa/Addis_Ababa,E. Africa Standard Time,UTC+03:00,"Ethiopia, ET, Addis Ababa"
Falkland Islands (Malvinas),FK,Stanley,,Atlantic/Stanley,SA Eastern Standard Time,UTC-03:00,"Falkland Islands (Malvinas), FK, Stanley"
Faroe Islands,FO,Faroe,,Atlantic/Faroe,GMT Standard Time,UTC+01:00,"Faroe Islands, FO, Faroe"
Fiji,FJ,Fiji,,Pacific/Fiji,Fiji Standard Time,UTC+12:00,"Fiji, FJ, Fiji"
Finland,FI,Helsinki,,Europe/Helsinki,FLE Standard Time,UTC+03:00,"Finland, FI, Helsinki"
France,FR,Paris,,Europe/Paris,Romance Standard Time,UTC+02:00,"France, FR, Paris"
French Guiana,GF,Cayenne,,America/Cayenne,SA Eastern Standard Time,UTC-03:00,"French Guiana, GF, Cayenne"
French Polynesia,PF,Gambier,,Pacific/Gambier,UTC-09,UTC-09:00,"French Polynesia, PF, Gambier"
French Polynesia,PF,Marquesas,,Pacific/Marquesas,Marquesas Standard Time,UTC-09:30,"French Polynesia, PF, Marquesas"
French Polynesia,PF,Tahiti,,Pacific/Tahiti,Hawaiian Standard Time,UTC-10:00,"French Polynesia, PF, Tahiti"
French Southern Territories,TF,Kerguelen,,Indian/Kerguelen,West Asia Standard Time,UTC+05:00,"French Southern Territories, TF, Kerguelen"
Gabon,GA,Libreville,,Africa/Libreville,W. Central Africa Standard Time,UTC+01:00,"Gabon, GA, Libreville"
Gambia,GM,Banjul,,Africa/Banjul,Greenwich Standard Time,UTC+00:00,"Gambia, GM, Banjul"
Georgia,GE,Tbilisi,,Asia/Tbilisi,Georgian Standard Time,UTC+04:00,"Georgia, GE, Tbilisi"
Germany,DE,Berlin,,Europe/Berlin,W. Europe Standard Time,UTC+02:00,"Germany, DE, Berlin"
Germany,DE,Busingen,,Europe/Busingen,W. Europe Standard Time,UTC+02:00,"Germany, DE, Busingen"
Ghana,GH,Accra,,Africa/Accra,Greenwich Standard Time,UTC+00:00,"Ghana, GH, Accra"
Gibraltar,GI,Gibraltar,,Europe/Gibraltar,W. Europe Standard Time,UTC+02:00,"Gibraltar, GI, Gibraltar"
Greece,GR,Athens,,Europe/Athens,GTB Standard Time,UTC+03:00,"Greece, GR, Athens"
Greenland,GL,Danmarkshavn,,America/Danmarkshavn,Greenwich Standard Time,UTC+00:00,"Greenland, GL, Danmarkshavn"
Greenland,GL,Nuuk,,America/Nuuk,Greenland Standard Time,UTC-01:00,"Greenland, GL, Nuuk"
Greenland,GL,Scoresbysund,,America/Scoresbysund,Azores Standard Time,UTC-01:00,"Greenland, GL, Scoresbysund"
Greenland,GL,Thule,,America/Thule,Atlantic Standard Time,UTC-03:00,"Greenland, GL, Thule"
Grenada,GD,Grenada,,America/Grenada,SA Western Standard Time,UTC-04:00,"Grenada, GD, Grenada"
Guadeloupe,GP,Guadeloupe,,America/Guadeloupe,SA Western Standard Time,UTC-04:00,"Guadeloupe, GP, Guadeloupe"
Guam,GU,Guam,,Pacific/Guam,West Pacific Standard Time,UTC+10:00,"Guam, GU, Guam"
Guatemala,GT,Guatemala,,America/Guatemala,Central America Standard Time,UTC-06:00,"Guatemala, GT, Guatemala"
Guernsey,GG,Guernsey,,Europe/Guernsey,GMT Standard Time,UTC+01:00,"Guernsey, GG, Guernsey"
Guinea,GN,Conakry,,Africa/Conakry,Greenwich Standard Time,UTC+00:00,"Guinea, GN, Conakry"
Guinea-Bissau,GW,Bissau,,Africa/Bissau,Greenwich Standard Time,UTC+00:00,"Guinea-Bissau, GW, Bissau"
Guyana,GY,Guyana,,America/Guyana,SA Western Standard Time,UTC-04:00,"Guyana, GY, Guyana"
Haiti,HT,Port-au-Prince,,America/Port-au-Prince,Haiti Standard Time,UTC-04:00,"Haiti, HT, Port-au-Prince"
Holy See (Vatican City State),VA,Vatican,,Europe/Vatican,W. Europe Standard Time,UTC+02:00,"Holy See (Vatican City State), VA, Vatican"
Honduras,HN,Tegucigalpa,,America/Tegucigalpa,Central America Standard Time,UTC-06:00,"Honduras, HN, Tegucigalpa"
Hong Kong,HK,Hong Kong,,Asia/Hong_Kong,China Standard Time,UTC+08:00,"Hong Kong, HK, Hong Kong"
Hungary,HU,Budapest,,Europe/Budapest,Central Europe Standard Time,UTC+02:00,"Hungary, HU, Budapest"
Iceland,IS,Reykjavik,,Atlantic/Reykjavik,Greenwich Standard Time,UTC+00:00,"Iceland, IS, Reykjavik"
India,IN,Kolkata,,Asia/Kolkata,India Standard Time,UTC+05:30,"India, IN, Kolkata"
Indonesia,ID,Jakarta,,Asia/Jakarta,SE Asia Standard Time,UTC+07:00,"Indonesia, ID, Jakarta"
Indonesia,ID,Pontianak,,Asia/Pontianak,SE Asia Standard Time,UTC+07:00,"Indonesia, ID, Pontianak"
Indonesia,ID,Makassar,,Asia/Makassar,Singapore Standard Time,UTC+08:00,"Indonesia, ID, Makassar"
Indonesia,ID,Jayapura,,Asia/Jayapura,Tokyo Standard Time,UTC+09:00,"Indonesia, ID, Jayapura"
"Iran, Islamic Republic of",IR,Tehran,,Asia/Tehran,Iran Standard Time,UTC+03:30,"Iran, Islamic Republic of, IR, Tehran"
Iraq,IQ,Baghdad,,Asia/Baghdad,Arabic Standard Time,UTC+03:00,"Iraq, IQ, Baghdad"
Ireland,IE,Dublin,,Europe/Dublin,GMT Standard Time,UTC+01:00,"Ireland, IE, Dublin"
Isle of Man,IM,Isle of Man,,Europe/Isle_of_Man,GMT Standard Time,UTC+01:00,"Isle of Man, IM, Isle of Man"
Israel,IL,Jerusalem,,Asia/Jerusalem,Israel Standard Time,UTC+03:00,"Israel, IL, Jerusalem"
Italy,IT,Rome,,Europe/Rome,W. Europe Standard Time,UTC+02:00,"Italy, IT, Rome"
Jamaica,JM,Jamaica,,America/Jamaica,SA Pacific Standard Time,UTC-05:00,"Jamaica, JM, Jamaica"
Japan,JP,Tokyo,,Asia/Tokyo,Tokyo Standard Time,UTC+09:00,"Japan, JP, Tokyo"
Jersey,JE,Jersey,,Europe/Jersey,GMT Standard Time,UTC+01:00,"Jersey, JE, Jersey"
Jordan,JO,Amman,,Asia/Amman,Jordan Standard Time,UTC+03:00,"Jordan, JO, Amman"
Kazakhstan,KZ,Almaty,,Asia/Almaty,West Asia Standard Time,UTC+05:00,"Kazakhstan, KZ, Almaty"
Kazakhstan,KZ,Qyzylorda,,Asia/Qyzylorda,Qyzylorda Standard Time,UTC+05:00,"Kazakhstan, KZ, Qyzylorda"
Kazakhstan,KZ,Qostanay,,Asia/Qostanay,West Asia Standard Time,UTC+05:00,"Kazakhstan, KZ, Qostanay"
Kazakhstan,KZ,Aqtobe,,Asia/Aqtobe,West Asia Standard Time,UTC+05:00,"Kazakhstan, KZ, Aqtobe"
Kazakhstan,KZ,Aqtau,,Asia/Aqtau,West Asia Standard Time,UTC+05:00,"Kazakhstan, KZ, Aqtau"
Kazakhstan,KZ,Atyrau,,Asia/Atyrau,West Asia Standard Time,UTC+05:00,"Kazakhstan, KZ, Atyrau"
Kazakhstan,KZ,Oral,,Asia/Oral,West Asia Standard Time,UTC+05:00,"Kazakhstan, KZ, Oral"
Kenya,KE,Nairobi,,Africa/Nairobi,E. Africa Standard Time,UTC+03:00,"Kenya, KE, Nairobi"
Kiribati,KI,Tarawa,,Pacific/Tarawa,UTC+12,UTC+12:00,"Kiribati, KI, Tarawa"
Kiribati,KI,Kanton,,Pacific/Kanton,Tonga Standard Time,UTC+13:00,"Kiribati, KI, Kanton"
Kiribati,KI,Kiritimati,,Pacific/Kiritimati,Line Islands Standard Time,UTC+14:00,"Kiribati, KI, Kiritimati"
"Korea, Democratic People's Republic of",KP,Pyongyang,,Asia/Pyongyang,North Korea Standard Time,UTC+09:00,"Korea, Democratic People's Republic of, KP, Pyongyang"
"Korea, Republic of",KR,Seoul,,Asia/Seoul,Korea Standard Time,UTC+09:00,"Korea, Republic of, KR, Seoul"
Kuwait,KW,Kuwait,,Asia/Kuwait,Arab Standard Time,UTC+03:00,"Kuwait, KW, Kuwait"
Kyrgyzstan,KG,Bishkek,,Asia/Bishkek,Central Asia Standard Time,UTC+06:00,"Kyrgyzstan, KG, Bishkek"
Lao People's Democratic Republic,LA,Vientiane,,Asia/Vientiane,SE Asia Standard Time,UTC+07:00,"Lao People's Democratic Republic, LA, Vientiane"
Latvia,LV,Riga,,Europe/Riga,FLE Standard Time,UTC+03:00,"Latvia, LV, Riga"
Lebanon,LB,Beirut,,Asia/Beirut,Middle East Standard Time,UTC+03:00,"Lebanon, LB, Beirut"
Lesotho,LS,Maseru,,Africa/Maseru,South Africa Standard Time,UTC+02:00,"Lesotho, LS, Maseru"
Liberia,LR,Monrovia,,Africa/Monrovia,Greenwich Standard Time,UTC+00:00,"Liberia, LR, Monrovia"
Libya,LY,Tripoli,,Africa/Tripoli,Libya Standard Time,UTC+02:00,"Libya, LY, Tripoli"
Liechtenstein,LI,Vaduz,,Europe/Vaduz,W. Europe Standard Time,UTC+02:00,"Liechtenstein, LI, Vaduz"
Lithuania,LT,Vilnius,,Europe/Vilnius,FLE Standard Time,UTC+03:00,"Lithuania, LT, Vilnius"
Luxembourg,LU,Luxembourg,,Europe/Luxembourg,W. Europe Standard Time,UTC+02:00,"Luxembourg, LU, Luxembourg"
Macao,MO,Macau,,Asia/Macau,China Standard Time,UTC+08:00,"Macao, MO, Macau"
Madagascar,MG,Antananarivo,,Indian/Antananarivo,E. Africa Standard Time,UTC+03:00,"Madagascar, MG, Antananarivo"
Malawi,MW,Blantyre,,Africa/Blantyre,South Africa Standard Time,UTC+02:00,"Malawi, MW, Blantyre"
Malaysia,MY,Kuala Lumpur,,Asia/Kuala_Lumpur,Singapore Standard Time,UTC+08:00,"Malaysia, MY, Kuala Lumpur"
Malaysia,MY,Kuching,,Asia/Kuching,Singapore Standard Time,UTC+08:00,"Malaysia, MY, Kuching"
Maldives,MV,Maldives,,Indian/Maldives,West Asia Standard Time,UTC+05:00,"Maldives, MV, Maldives"
Mali,ML,Bamako,,Africa/Bamako,Greenwich Standard Time,UTC+00:00,"Mali, ML, Bamako"
Malta,MT,Malta,,Europe/Malta,W. Europe Standard Time,UTC+02:00,"Malta, MT, Malta"
Marshall Islands,MH,Majuro,,Pacific/Majuro,UTC+12,UTC+12:00,"Marshall Islands, MH, Majuro"
Marshall Islands,MH,Kwajalein,,Pacific/Kwajalein,UTC+12,UTC+12:00,"Marshall Islands, MH, Kwajalein"
Martinique,MQ,Martinique,,America/Martinique,SA Western Standard Time,UTC-04:00,"Martinique, MQ, Martinique"
Mauritania,MR,Nouakchott,,Africa/Nouakchott,Greenwich Standard Time,UTC+00:00,"Mauritania, MR, Nouakchott"
Mauritius,MU,Mauritius,,Indian/Mauritius,Mauritius Standard Time,UTC+04:00,"Mauritius, MU, Mauritius"
Mayotte,YT,Mayotte,,Indian/Mayotte,E. Africa Standard Time,UTC+03:00,"Mayotte, YT, Mayotte"
Mexico,MX,Cancun,,America/Cancun,Eastern Standard Time (Mexico),UTC-05:00,"Mexico, MX, Cancun"
Mexico,MX,Matamoros,,America/Matamoros,Central Standard Time,UTC-05:00,"Mexico, MX, Matamoros"
Mexico,MX,Ojinaga,,America/Ojinaga,Central Standard Time,UTC-05:00,"Mexico, MX, Ojinaga"
Mexico,MX,Mexico City,,America/Mexico_City,Central Standard Time (Mexico),UTC-06:00,"Mexico, MX, Mexico City"
Mexico,MX,Merida,,America/Merida,Central Standard Time (Mexico),UTC-06:00,"Mexico, MX, Merida"
Mexico,MX,Monterrey,,America/Monterrey,Central Standard Time (Mexico),UTC-06:00,"Mexico, MX, Monterrey"
Mexico,MX,Chihuahua,,America/Chihuahua,Central Standard Time (Mexico),UTC-06:00,"Mexico, MX, Chihuahua"
Mexico,MX,Ciudad Juarez,,America/Ciudad_Juarez,Mountain Standard Time,UTC-06:00,"Mexico, MX, Ciudad Juarez"
Mexico,MX,Bahia Banderas,,America/Bahia_Banderas,Central Standard Time (Mexico),UTC-06:00,"Mexico, MX, Bahia Banderas"
Mexico,MX,Mazatlan,,America/Mazatlan,Mountain Standard Time (Mexico),UTC-07:00,"Mexico, MX, Mazatlan"
Mexico,MX,Hermosillo,,America/Hermosillo,US Mountain Standard Time,UTC-07:00,"Mexico, MX, Hermosillo"
Mexico,MX,Tijuana,,America/Tijuana,Pacific Standard Time (Mexico),UTC-07:00,"Mexico, MX, Tijuana"
"Micronesia, Federated States of",FM,Chuuk,,Pacific/Chuuk,West Pacific Standard Time,UTC+10:00,"Micronesia, Federated States of, FM, Chuuk"
"Micronesia, Federated States of",FM,Pohnpei,,Pacific/Pohnpei,Central Pacific Standard Time,UTC+11:00,"Micronesia, Federated States of, FM, Pohnpei"
"Micronesia, Federated States of",FM,Kosrae,,Pacific/Kosrae,Central Pacific Standard Time,UTC+11:00,"Micronesia, Federated States of, FM, Kosrae"
"Moldova, Republic of",MD,Chisinau,,Europe/Chisinau,E. Europe Standard Time,UTC+03:00,"Moldova, Republic of, MD, Chisinau"
Monaco,MC,Monaco,,Europe/Monaco,W. Europe Standard Time,UTC+02:00,"Monaco, MC, Monaco"
Mongolia,MN,Hovd,,Asia/Hovd,W. Mongolia Standard Time,UTC+07:00,"Mongolia, MN, Hovd"
Mongolia,MN,Ulaanbaatar,,Asia/Ulaanbaatar,Ulaanbaatar Standard Time,UTC+08:00,"Mongolia, MN, Ulaanbaatar"
Montenegro,ME,Podgorica,,Europe/Podgorica,Central Europe Standard Time,UTC+02:00,"Montenegro, ME, Podgorica"
Montserrat,MS,Montserrat,,America/Montserrat,SA Western Standard Time,UTC-04:00,"Montserrat, MS, Montserrat"
Morocco,MA,Casablanca,,Africa/Casablanca,Morocco Standard Time,UTC+01:00,"Morocco, MA, Casablanca"
Mozambique,MZ,Maputo,,Africa/Maputo,South Africa Standard Time,UTC+02:00,"Mozambique, MZ, Maputo"
Myanmar,MM,Yangon,,Asia/Yangon,Myanmar Standard Time,UTC+06:30,"Myanmar, MM, Yangon"
Namibia,,Windhoek,,Africa/Windhoek,Namibia Standard Time,UTC+02:00,"Namibia, NA, Windhoek"
Nauru,NR,Nauru,,Pacific/Nauru,UTC+12,UTC+12:00,"Nauru, NR, Nauru"
Nepal,NP,Kathmandu,,Asia/Kathmandu,Nepal Standard Time,UTC+05:45,"Nepal, NP, Kathmandu"
Netherlands,NL,Amsterdam,,Europe/Amsterdam,W. Europe Standard Time,UTC+02:00,"Netherlands, NL, Amsterdam"
New Caledonia,NC,Noumea,,Pacific/Noumea,Central Pacific Standard Time,UTC+11:00,"New Caledonia, NC, Noumea"
New Zealand,NZ,Auckland,,Pacific/Auckland,New Zealand Standard Time,UTC+12:00,"New Zealand, NZ, Auckland"
New Zealand,NZ,Chatham,,Pacific/Chatham,Chatham Islands Standard Time,UTC+12:45,"New Zealand, NZ, Chatham"
Nicaragua,NI,Managua,,America/Managua,Central America Standard Time,UTC-06:00,"Nicaragua, NI, Managua"
Niger,NE,Niamey,,Africa/Niamey,W. Central Africa Standard Time,UTC+01:00,"Niger, NE, Niamey"
Nigeria,NG,Lagos,,Africa/Lagos,W. Central Africa Standard Time,UTC+01:00,"Nigeria, NG, Lagos"
Niue,NU,Niue,,Pacific/Niue,UTC-11,UTC-11:00,"Niue, NU, Niue"
Norfolk Island,NF,Norfolk,,Pacific/Norfolk,Norfolk Standard Time,UTC+11:00,"Norfolk Island, NF, Norfolk"
North Macedonia,MK,Skopje,,Europe/Skopje,Central European Standard Time,UTC+02:00,"North Macedonia, MK, Skopje"
Northern Mariana Islands,MP,Saipan,,Pacific/Saipan,West Pacific Standard Time,UTC+10:00,"Northern Mariana Islands, MP, Saipan"
Norway,NO,Oslo,,Europe/Oslo,W. Europe Standard Time,UTC+02:00,"Norway, NO, Oslo"
Oman,OM,Muscat,,Asia/Muscat,Arabian Standard Time,UTC+04:00,"Oman, OM, Muscat"
Pakistan,PK,Karachi,,Asia/Karachi,Pakistan Standard Time,UTC+05:00,"Pakistan, PK, Karachi"
Palau,PW,Palau,,Pacific/Palau,Tokyo Standard Time,UTC+09:00,"Palau, PW, Palau"
"Palestine, State of",PS,Gaza,,Asia/Gaza,West Bank Standard Time,UTC+03:00,"Palestine, State of, PS, Gaza"
"Palestine, State of",PS,Hebron,,Asia/Hebron,West Bank Standard Time,UTC+03:00,"Palestine, State of, PS, Hebron"
Panama,PA,Panama,,America/Panama,SA Pacific Standard Time,UTC-05:00,"Panama, PA, Panama"
Papua New Guinea,PG,Port Moresby,,Pacific/Port_Moresby,West Pacific Standard Time,UTC+10:00,"Papua New Guinea, PG, Port Moresby"
Papua New Guinea,PG,Bougainville,,Pacific/Bougainville,Bougainville Standard Time,UTC+11:00,"Papua New Guinea, PG, Bougainville"
Paraguay,PY,Asuncion,,America/Asuncion,Paraguay Standard Time,UTC-03:00,"Paraguay, PY, Asuncion"
Peru,PE,Lima,,America/Lima,SA Pacific Standard Time,UTC-05:00,"Peru, PE, Lima"
Philippines,PH,Manila,,Asia/Manila,Singapore Standard Time,UTC+08:00,"Philippines, PH, Manila"
Pitcairn,PN,Pitcairn,,Pacific/Pitcairn,UTC-08,UTC-08:00,"Pitcairn, PN, Pitcairn"
Poland,PL,Warsaw,,Europe/Warsaw,Central European Standard Time,UTC+02:00,"Poland, PL, Warsaw"
Portugal,PT,Azores,,Atlantic/Azores,Azores Standard Time,UTC+00:00,"Portugal, PT, Azores"
Portugal,PT,Lisbon,,Europe/Lisbon,GMT Standard Time,UTC+01:00,"Portugal, PT, Lisbon"
Portugal,PT,Madeira,,Atlantic/Madeira,GMT Standard Time,UTC+01:00,"Portugal, PT, Madeira"
Puerto Rico,PR,Puerto Rico,,America/Puerto_Rico,SA Western Standard Time,UTC-04:00,"Puerto Rico, PR, Puerto Rico"
Qatar,QA,Qatar,,Asia/Qatar,Arab Standard Time,UTC+03:00,"Qatar, QA, Qatar"
Romania,RO,Bucharest,,Europe/Bucharest,GTB Standard Time,UTC+03:00,"Romania, RO, Bucharest"
Russian Federation,RU,Kaliningrad,,Europe/Kaliningrad,Kaliningrad Standard Time,UTC+02:00,"Russian Federation, RU, Kaliningrad"
Russian Federation,RU,Moscow,,Europe/Moscow,Russian Standard Time,UTC+03:00,"Russian Federation, RU, Moscow"
Russian Federation,RU,Kirov,,Europe/Kirov,Russian Standard Time,UTC+03:00,"Russian Federation, RU, Kirov"
Russian Federation,RU,Volgograd,,Europe/Volgograd,Volgograd Standard Time,UTC+03:00,"Russian Federation, RU, Volgograd"
Russian Federation,RU,Astrakhan,,Europe/Astrakhan,Astrakhan Standard Time,UTC+04:00,"Russian Federation, RU, Astrakhan"
Russian Federation,RU,Saratov,,Europe/Saratov,Saratov Standard Time,UTC+04:00,"Russian Federation, RU, Saratov"
Russian Federation,RU,Ulyanovsk,,Europe/Ulyanovsk,Astrakhan Standard Time,UTC+04:00,"Russian Federation, RU, Ulyanovsk"
Russian Federation,RU,Samara,,Europe/Samara,Russia Time Zone 3,UTC+04:00,"Russian Federation, RU, Samara"
Russian Federation,RU,Yekaterinburg,,Asia/Yekaterinburg,Ekaterinburg Standard Time,UTC+05:00,"Russian Federation, RU, Yekaterinburg"
Russian Federation,RU,Omsk,,Asia/Omsk,Omsk Standard Time,UTC+06:00,"Russian Federation, RU, Omsk"
Russian Federation,RU,Novosibirsk,,Asia/Novosibirsk,N. Central Asia Standard Time,UTC+07:00,"Russian Federation, RU, Novosibirsk"
Russian Federation,RU,Barnaul,,Asia/Barnaul,Altai Standard Time,UTC+07:00,"Russian Federation, RU, Barnaul"
Russian Federation,RU,Tomsk,,Asia/Tomsk,Tomsk Standard Time,UTC+07:00,"Russian Federation, RU, Tomsk"
Russian Federation,RU,Novokuznetsk,,Asia/Novokuznetsk,North Asia Standard Time,UTC+07:00,"Russian Federation, RU, Novokuznetsk"
Russian Federation,RU,Krasnoyarsk,,Asia/Krasnoyarsk,North Asia Standard Time,UTC+07:00,"Russian Federation, RU, Krasnoyarsk"
Russian Federation,RU,Irkutsk,,Asia/Irkutsk,North Asia East Standard Time,UTC+08:00,"Russian Federation, RU, Irkutsk"
Russian Federation,RU,Chita,,Asia/Chita,Transbaikal Standard Time,UTC+09:00,"Russian Federation, RU, Chita"
Russian Federation,RU,Yakutsk,,Asia/Yakutsk,Yakutsk Standard Time,UTC+09:00,"Russian Federation, RU, Yakutsk"
Russian Federation,RU,Khandyga,,Asia/Khandyga,Yakutsk Standard Time,UTC+09:00,"Russian Federation, RU, Khandyga"
Russian Federation,RU,Vladivostok,,Asia/Vladivostok,Vladivostok Standard Time,UTC+10:00,"Russian Federation, RU, Vladivostok"
Russian Federation,RU,Ust-Nera,,Asia/Ust-Nera,Vladivostok Standard Time,UTC+10:00,"Russian Federation, RU, Ust-Nera"
Russian Federation,RU,Magadan,,Asia/Magadan,Magadan Standard Time,UTC+11:00,"Russian Federation, RU, Magadan"
Russian Federation,RU,Sakhalin,,Asia/Sakhalin,Sakhalin Standard Time,UTC+11:00,"Russian Federation, RU, Sakhalin"
Russian Federation,RU,Srednekolymsk,,Asia/Srednekolymsk,Russia Time Zone 10,UTC+11:00,"Russian Federation, RU, Srednekolymsk"
Russian Federation,RU,Kamchatka,,Asia/Kamchatka,Russia Time Zone 11,UTC+12:00,"Russian Federation, RU, Kamchatka"
Russian Federation,RU,Anadyr,,Asia/Anadyr,Russia Time Zone 11,UTC+12:00,"Russian Federation, RU, Anadyr"
Rwanda,RW,Kigali,,Africa/Kigali,South Africa Standard Time,UTC+02:00,"Rwanda, RW, Kigali"
Réunion,RE,Reunion,,Indian/Reunion,Mauritius Standard Time,UTC+04:00,"Réunion, RE, Reunion"
Saint Barthélemy,BL,St Barthelemy,,America/St_Barthelemy,SA Western Standard Time,UTC-04:00,"Saint Barthélemy, BL, St Barthelemy"
"Saint Helena, Ascension and Tristan da Cunha",SH,St Helena,,Atlantic/St_Helena,Greenwich Standard Time,UTC+00:00,"Saint Helena, Ascension and Tristan da Cunha, SH, St Helena"
Saint Kitts and Nevis,KN,St Kitts,,America/St_Kitts,SA Western Standard Time,UTC-04:00,"Saint Kitts and Nevis, KN, St Kitts"
Saint Lucia,LC,St Lucia,,America/St_Lucia,SA Western Standard Time,UTC-04:00,"Saint Lucia, LC, St Lucia"
Saint Martin (French part),MF,Marigot,,America/Marigot,SA Western Standard Time,UTC-04:00,"Saint Martin (French part), MF, Marigot"
Saint Pierre and Miquelon,PM,Miquelon,,America/Miquelon,Saint Pierre Standard Time,UTC-02:00,"Saint Pierre and Miquelon, PM, Miquelon"
Saint Vincent and the Grenadines,VC,St Vincent,,America/St_Vincent,SA Western Standard Time,UTC-04:00,"Saint Vincent and the Grenadines, VC, St Vincent"
Samoa,WS,Apia,,Pacific/Apia,Samoa Standard Time,UTC+13:00,"Samoa, WS, Apia"
San Marino,SM,San Marino,,Europe/San_Marino,W. Europe Standard Time,UTC+02:00,"San Marino, SM, San Marino"
Sao Tome and Principe,ST,Sao Tome,,Africa/Sao_Tome,Sao Tome Standard Time,UTC+00:00,"Sao Tome and Principe, ST, Sao Tome"
Saudi Arabia,SA,Riyadh,,Asia/Riyadh,Arab Standard Time,UTC+03:00,"Saudi Arabia, SA, Riyadh"
Senegal,SN,Dakar,,Africa/Dakar,Greenwich Standard Time,UTC+00:00,"Senegal, SN, Dakar"
Serbia,RS,Belgrade,,Europe/Belgrade,Central Europe Standard Time,UTC+02:00,"Serbia, RS, Belgrade"
Seychelles,SC,Mahe,,Indian/Mahe,Mauritius Standard Time,UTC+04:00,"Seychelles, SC, Mahe"
Sierra Leone,SL,Freetown,,Africa/Freetown,Greenwich Standard Time,UTC+00:00,"Sierra Leone, SL, Freetown"
Singapore,SG,Singapore,,Asia/Singapore,Singapore Standard Time,UTC+08:00,"Singapore, SG, Singapore"
Sint Maarten (Dutch part),SX,Lower Princes,,America/Lower_Princes,SA Western Standard Time,UTC-04:00,"Sint Maarten (Dutch part), SX, Lower Princes"
Slovakia,SK,Bratislava,,Europe/Bratislava,Central Europe Standard Time,UTC+02:00,"Slovakia, SK, Bratislava"
Slovenia,SI,Ljubljana,,Europe/Ljubljana,Central Europe Standard Time,UTC+02:00,"Slovenia, SI, Ljubljana"
Solomon Islands,SB,Guadalcanal,,Pacific/Guadalcanal,Central Pacific Standard Time,UTC+11:00,"Solomon Islands, SB, Guadalcanal"
Somalia,SO,Mogadishu,,Africa/Mogadishu,E. Africa Standard Time,UTC+03:00,"Somalia, SO, Mogadishu"
South Africa,ZA,Johannesburg,,Africa/Johannesburg,South Africa Standard Time,UTC+02:00,"South Africa, ZA, Johannesburg"
South Georgia and the South Sandwich Islands,GS,South Georgia,,Atlantic/South_Georgia,UTC-02,UTC-02:00,"South Georgia and the South Sandwich Islands, GS, South Georgia"
South Sudan,SS,Juba,,Africa/Juba,South Sudan Standard Time,UTC+02:00,"South Sudan, SS, Juba"
Spain,ES,Canary,,Atlantic/Canary,GMT Standard Time,UTC+01:00,"Spain, ES, Canary"
Spain,ES,Madrid,,Europe/Madrid,Romance Standard Time,UTC+02:00,"Spain, ES, Madrid"
Spain,ES,Ceuta,,Africa/Ceuta,Romance Standard Time,UTC+02:00,"Spain, ES, Ceuta"
Sri Lanka,LK,Colombo,,Asia/Colombo,Sri Lanka Standard Time,UTC+05:30,"Sri Lanka, LK, Colombo"
Sudan,SD,Khartoum,,Africa/Khartoum,Sudan Standard Time,UTC+02:00,"Sudan, SD, Khartoum"
Suriname,SR,Paramaribo,,America/Paramaribo,SA Eastern Standard Time,UTC-03:00,"Suriname, SR, Paramaribo"
Svalbard and Jan Mayen,SJ,Longyearbyen,,Arctic/Longyearbyen,W. Europe Standard Time,UTC+02:00,"Svalbard and Jan Mayen, SJ, Longyearbyen"
Sweden,SE,Stockholm,,Europe/Stockholm,W. Europe Standard Time,UTC+02:00,"Sweden, SE, Stockholm"
Switzerland,CH,Zurich,,Europe/Zurich,W. Europe Standard Time,UTC+02:00,"Switzerland, CH, Zurich"
Syrian Arab Republic,SY,Damascus,,Asia/Damascus,Syria Standard Time,UTC+03:00,"Syrian Arab Republic, SY, Damascus"
"Taiwan, Province of China",TW,Taipei,,Asia/Taipei,Taipei Standard Time,UTC+08:00,"Taiwan, Province of China, TW, Taipei"
Tajikistan,TJ,Dushanbe,,Asia/Dushanbe,West Asia Standard Time,UTC+05:00,"Tajikistan, TJ, Dushanbe"
"Tanzania, United Republic of",TZ,Dar es Salaam,,Africa/Dar_es_Salaam,E. Africa Standard Time,UTC+03:00,"Tanzania, United Republic of, TZ, Dar es Salaam"
Thailand,TH,Bangkok,,Asia/Bangkok,SE Asia Standard Time,UTC+07:00,"Thailand, TH, Bangkok"
Timor-Leste,TL,Dili,,Asia/Dili,Tokyo Standard Time,UTC+09:00,"Timor-Leste, TL, Dili"
Togo,TG,Lome,,Africa/Lome,Greenwich Standard Time,UTC+00:00,"Togo, TG, Lome"
Tokelau,TK,Fakaofo,,Pacific/Fakaofo,UTC+13,UTC+13:00,"Tokelau, TK, Fakaofo"
Tonga,TO,Tongatapu,,Pacific/Tongatapu,Tonga Standard Time,UTC+13:00,"Tonga, TO, Tongatapu"
Trinidad and Tobago,TT,Port of Spain,,America/Port_of_Spain,SA Western Standard Time,UTC-04:00,"Trinidad and Tobago, TT, Port of Spain"
Tunisia,TN,Tunis,,Africa/Tunis,W. Central Africa Standard Time,UTC+01:00,"Tunisia, TN, Tunis"
Turkmenistan,TM,Ashgabat,,Asia/Ashgabat,West Asia Standard Time,UTC+05:00,"Turkmenistan, TM, Ashgabat"
Turks and Caicos Islands,TC,Grand Turk,,America/Grand_Turk,Turks And Caicos Standard Time,UTC-04:00,"Turks and Caicos Islands, TC, Grand Turk"
Tuvalu,TV,Funafuti,,Pacific/Funafuti,UTC+12,UTC+12:00,"Tuvalu, TV, Funafuti"
Türkiye,TR,Istanbul,,Europe/Istanbul,Turkey Standard Time,UTC+03:00,"Türkiye, TR, Istanbul"
Uganda,UG,Kampala,,Africa/Kampala,E. Africa Standard Time,UTC+03:00,"Uganda, UG, Kampala"
Ukraine,UA,Simferopol,,Europe/Simferopol,Russian Standard Time,UTC+03:00,"Ukraine, UA, Simferopol"
Ukraine,UA,Kyiv,,Europe/Kyiv,FLE Standard Time,UTC+03:00,"Ukraine, UA, Kyiv"
United Arab Emirates,AE,Dubai,,Asia/Dubai,Arabian Standard Time,UTC+04:00,"United Arab Emirates, AE, Dubai"
United Kingdom,GB,London,,Europe/London,GMT Standard Time,UTC+01:00,"United Kingdom, GB, London"
United States,US,New York,"New York, Eastern Time states (NY, NJ, FL, GA, OH, PA, VA, NC, MI, etc.)",America/New_York,Eastern Standard Time,UTC-04:00,"United States, US, New York, New York, Eastern Time states (NY, NJ, FL, GA, OH, PA, VA, NC, MI, etc.)"
United States,US,Detroit,Michigan,America/Detroit,Eastern Standard Time,UTC-04:00,"United States, US, Detroit, Michigan"
United States,US,Louisville,,America/Kentucky/Louisville,Eastern Standard Time,UTC-04:00,"United States, US, Louisville"
United States,US,Monticello,,America/Kentucky/Monticello,Eastern Standard Time,UTC-04:00,"United States, US, Monticello"
United States,US,Indianapolis,Indiana,America/Indiana/Indianapolis,US Eastern Standard Time,UTC-04:00,"United States, US, Indianapolis, Indiana"
United States,US,Vincennes,,America/Indiana/Vincennes,Eastern Standard Time,UTC-04:00,"United States, US, Vincennes"
United States,US,Winamac,,America/Indiana/Winamac,Eastern Standard Time,UTC-04:00,"United States, US, Winamac"
United States,US,Marengo,,America/Indiana/Marengo,US Eastern Standard Time,UTC-04:00,"United States, US, Marengo"
United States,US,Petersburg,,America/Indiana/Petersburg,Eastern Standard Time,UTC-04:00,"United States, US, Petersburg"
United States,US,Vevay,,America/Indiana/Vevay,US Eastern Standard Time,UTC-04:00,"United States, US, Vevay"
United States,US,Chicago,"Illinois, Central Time states (IL, TX, IN, WI, MO, MN, LA, etc.)",America/Chicago,Central Standard Time,UTC-05:00,"United States, US, Chicago, Illinois, Central Time states (IL, TX, IN, WI, MO, MN, LA, etc.)"
United States,US,Tell City,,America/Indiana/Tell_City,Central Standard Time,UTC-05:00,"United States, US, Tell City"
United States,US,Knox,,America/Indiana/Knox,Central Standard Time,UTC-05:00,"United States, US, Knox"
United States,US,Menominee,,America/Menominee,Central Standard Time,UTC-05:00,"United States, US, Menominee"
United States,US,Center,,America/North_Dakota/Center,Central Standard Time,UTC-05:00,"United States, US, Center"
United States,US,New Salem,,America/North_Dakota/New_Salem,Central Standard Time,UTC-05:00,"United States, US, New Salem"
United States,US,Beulah,,America/North_Dakota/Beulah,Central Standard Time,UTC-05:00,"United States, US, Beulah"
United States,US,Denver,"Colorado, Mountain Time states (CO, AZ-some, UT, NM, MT, WY, ID)",America/Denver,Mountain Standard Time,UTC-06:00,"United States, US, Denver, Colorado, Mountain Time states (CO, AZ-some, UT, NM, MT, WY, ID)"
United States,US,Boise,Idaho,America/Boise,Mountain Standard Time,UTC-06:00,"United States, US, Boise, Idaho"
United States,US,Phoenix,Arizona (no DST),America/Phoenix,US Mountain Standard Time,UTC-07:00,"United States, US, Phoenix, Arizona (no DST)"
United States,US,Los Angeles,"California, Pacific Time states (CA, WA, OR, NV)",America/Los_Angeles,Pacific Standard Time,UTC-07:00,"United States, US, Los Angeles, California, Pacific Time states (CA, WA, OR, NV)"
United States,US,Anchorage,Alaska,America/Anchorage,Alaskan Standard Time,UTC-08:00,"United States, US, Anchorage, Alaska"
United States,US,Juneau,,America/Juneau,Alaskan Standard Time,UTC-08:00,"United States, US, Juneau"
United States,US,Sitka,,America/Sitka,Alaskan Standard Time,UTC-08:00,"United States, US, Sitka"
United States,US,Metlakatla,,America/Metlakatla,Alaskan Standard Time,UTC-08:00,"United States, US, Metlakatla"
United States,US,Yakutat,,America/Yakutat,Alaskan Standard Time,UTC-08:00,"United States, US, Yakutat"
United States,US,Nome,,America/Nome,Alaskan Standard Time,UTC-08:00,"United States, US, Nome"
United States,US,Adak,,America/Adak,Aleutian Standard Time,UTC-09:00,"United States, US, Adak"
United States,US,Honolulu,Hawaii,Pacific/Honolulu,Hawaiian Standard Time,UTC-10:00,"United States, US, Honolulu, Hawaii"
United States Minor Outlying Islands,UM,Wake,,Pacific/Wake,UTC+12,UTC+12:00,"United States Minor Outlying Islands, UM, Wake"
United States Minor Outlying Islands,UM,Midway,,Pacific/Midway,UTC-11,UTC-11:00,"United States Minor Outlying Islands, UM, Midway"
Uruguay,UY,Montevideo,,America/Montevideo,Montevideo Standard Time,UTC-03:00,"Uruguay, UY, Montevideo"
Uzbekistan,UZ,Samarkand,,Asia/Samarkand,West Asia Standard Time,UTC+05:00,"Uzbekistan, UZ, Samarkand"
Uzbekistan,UZ,Tashkent,,Asia/Tashkent,West Asia Standard Time,UTC+05:00,"Uzbekistan, UZ, Tashkent"
Vanuatu,VU,Efate,,Pacific/Efate,Central Pacific Standard Time,UTC+11:00,"Vanuatu, VU, Efate"
"Venezuela, Bolivarian Republic of",VE,Caracas,,America/Caracas,Venezuela Standard Time,UTC-04:00,"Venezuela, Bolivarian Republic of, VE, Caracas"
Viet Nam,VN,Ho Chi Minh,,Asia/Ho_Chi_Minh,SE Asia Standard Time,UTC+07:00,"Viet Nam, VN, Ho Chi Minh"
"Virgin Islands, British",VG,Tortola,,America/Tortola,SA Western Standard Time,UTC-04:00,"Virgin Islands, British, VG, Tortola"
"Virgin Islands, U.S.",VI,St Thomas,,America/St_Thomas,SA Western Standard Time,UTC-04:00,"Virgin Islands, U.S., VI, St Thomas"
Wallis and Futuna,WF,Wallis,,Pacific/Wallis,UTC+12,UTC+12:00,"Wallis and Futuna, WF, Wallis"
Western Sahara,EH,El Aaiun,,Africa/El_Aaiun,Morocco Standard Time,UTC+01:00,"Western Sahara, EH, El Aaiun"
Yemen,YE,Aden,,Asia/Aden,Arab Standard Time,UTC+03:00,"Yemen, YE, Aden"
Zambia,ZM,Lusaka,,Africa/Lusaka,South Africa Standard Time,UTC+02:00,"Zambia, ZM, Lusaka"
Zimbabwe,ZW,Harare,,Africa/Harare,South Africa Standard Time,UTC+02:00,"Zimbabwe, ZW, Harare"
Åland Islands,AX,Mariehamn,,Europe/Mariehamn,FLE Standard Time,UTC+03:00,"Åland Islands, AX, Mariehamn"
